"","Weighting","Inference","MKT","SE.MKT","Coef","SE.Coef"
"sum.abs","EW_2011","cross-validation",0.994689377777778,0.627691533333333,0.719519832694445,0.711700599555556
