"series","n_obs","dimson_lags","beta_naive","beta_dimson","beta_uplift"
"Buyout Global",86,2,0.351892037734076,0.647399009343063,0.295506971608987
"Growth Global",86,2,0.395822876468859,0.653698012299816,0.257875135830958
"PE Europe",86,2,0.362948584559741,0.657023365427847,0.294074780868106
"PE Global",86,2,0.337458534295286,0.649469644272288,0.312011109977003
"PE North America",85,3,0.323242449030558,0.749771754306381,0.426529305275824
"VC Global",83,5,0.332099680767182,0.97551979450791,0.643420113740728
