"","Weighting","Inference","MKT","SE.MKT","Coef","SE.Coef"
"sum.abs","FW_2011","cross-validation",0.958385361111111,0.598588955555555,0.751555511277778,0.613446365494444
