"","MKT","SE.MKT","Coef","SE.Coef","Weighting"
"sum.abs",0.844630774666667,0.336725624166667,0.616083097416667,0.499208726961111,"EW_VYP_SL"
