"","MKT","SE.MKT","Coef","SE.Coef","Weighting"
"sum.abs",0.846730061666667,0.375706628888889,0.592535309472222,0.505288567158333,"FW_VYP_SL"
